{
  "type": "image",
  "units": "mm",
  "size": [
    53.875,
    -181.20174,
    156.025,
    -92.975
  ],
  "children": [
    {
      "type": "imagePath",
      "width": 0.05,
      "segments": [
        {
          "type": "arc",
          "start": [
            59,
            -173,
            4.71238898038469
          ],
          "end": [
            56,
            -170,
            3.141592653589793
          ],
          "center": [
            59,
            -170
          ],
          "radius": 3
        },
        {
          "type": "arc",
          "start": [
            153,
            -93,
            1.5707963267948966
          ],
          "end": [
            156,
            -96,
            0
          ],
          "center": [
            153,
            -96
          ],
          "radius": 3
        },
        {
          "type": "arc",
          "start": [
            56,
            -96,
            3.141592653589793
          ],
          "end": [
            59,
            -93,
            1.5707963267948966
          ],
          "center": [
            59,
            -96
          ],
          "radius": 3
        },
        {
          "type": "line",
          "start": [
            156,
            -96
          ],
          "end": [
            156,
            -170
          ]
        },
        {
          "type": "line",
          "start": [
            153,
            -93
          ],
          "end": [
            59,
            -93
          ]
        },
        {
          "type": "line",
          "start": [
            59,
            -173
          ],
          "end": [
            153,
            -173
          ]
        },
        {
          "type": "line",
          "start": [
            56,
            -170
          ],
          "end": [
            56,
            -96
          ]
        },
        {
          "type": "arc",
          "start": [
            156,
            -170,
            0
          ],
          "end": [
            153,
            -173,
            -1.5707963267948966
          ],
          "center": [
            153,
            -170
          ],
          "radius": 3
        }
      ]
    },
    {
      "type": "imagePath",
      "width": 0.275,
      "segments": [
        {
          "type": "line",
          "start": [
            58.525,
            -95.525
          ],
          "end": [
            61.275,
            -98.275
          ]
        },
        {
          "type": "line",
          "start": [
            61.275,
            -95.525
          ],
          "end": [
            58.525,
            -98.275
          ]
        },
        {
          "type": "line",
          "start": [
            58.525,
            -144.725
          ],
          "end": [
            61.275,
            -147.475
          ]
        },
        {
          "type": "line",
          "start": [
            61.275,
            -144.725
          ],
          "end": [
            58.525,
            -147.475
          ]
        },
        {
          "type": "line",
          "start": [
            58.525,
            -167.725
          ],
          "end": [
            61.275,
            -170.475
          ]
        },
        {
          "type": "line",
          "start": [
            61.275,
            -167.725
          ],
          "end": [
            58.525,
            -170.475
          ]
        },
        {
          "type": "line",
          "start": [
            116.525,
            -144.725
          ],
          "end": [
            119.275,
            -147.475
          ]
        },
        {
          "type": "line",
          "start": [
            119.275,
            -144.725
          ],
          "end": [
            116.525,
            -147.475
          ]
        },
        {
          "type": "line",
          "start": [
            116.525,
            -167.725
          ],
          "end": [
            119.275,
            -170.475
          ]
        },
        {
          "type": "line",
          "start": [
            119.275,
            -167.725
          ],
          "end": [
            116.525,
            -170.475
          ]
        },
        {
          "type": "line",
          "start": [
            150.725,
            -95.575
          ],
          "end": [
            153.475,
            -98.325
          ]
        },
        {
          "type": "line",
          "start": [
            153.475,
            -95.575
          ],
          "end": [
            150.725,
            -98.325
          ]
        },
        {
          "type": "line",
          "start": [
            150.725,
            -167.625
          ],
          "end": [
            153.475,
            -170.375
          ]
        },
        {
          "type": "line",
          "start": [
            153.475,
            -167.625
          ],
          "end": [
            150.725,
            -170.375
          ]
        }
      ]
    },
    {
      "type": "imagePath",
      "width": 0.2,
      "segments": [
        {
          "type": "line",
          "start": [
            58.58277,
            -176.13984
          ],
          "end": [
            58.58277,
            -174.13984
          ]
        },
        {
          "type": "line",
          "start": [
            58.58277,
            -174.13984
          ],
          "end": [
            59.05896,
            -174.13984
          ]
        },
        {
          "type": "line",
          "start": [
            59.05896,
            -174.13984
          ],
          "end": [
            59.34467,
            -174.23508
          ]
        },
        {
          "type": "line",
          "start": [
            59.34467,
            -174.23508
          ],
          "end": [
            59.53515,
            -174.42555
          ]
        },
        {
          "type": "line",
          "start": [
            59.53515,
            -174.42555
          ],
          "end": [
            59.63039,
            -174.61603
          ]
        },
        {
          "type": "line",
          "start": [
            59.63039,
            -174.61603
          ],
          "end": [
            59.72562,
            -174.99698
          ]
        },
        {
          "type": "line",
          "start": [
            59.72562,
            -174.99698
          ],
          "end": [
            59.72562,
            -175.2827
          ]
        },
        {
          "type": "line",
          "start": [
            59.72562,
            -175.2827
          ],
          "end": [
            59.63039,
            -175.66365
          ]
        },
        {
          "type": "line",
          "start": [
            59.63039,
            -175.66365
          ],
          "end": [
            59.53515,
            -175.85412
          ]
        },
        {
          "type": "line",
          "start": [
            59.53515,
            -175.85412
          ],
          "end": [
            59.34467,
            -176.0446
          ]
        },
        {
          "type": "line",
          "start": [
            59.34467,
            -176.0446
          ],
          "end": [
            59.05896,
            -176.13984
          ]
        },
        {
          "type": "line",
          "start": [
            59.05896,
            -176.13984
          ],
          "end": [
            58.58277,
            -176.13984
          ]
        },
        {
          "type": "line",
          "start": [
            60.58277,
            -176.13984
          ],
          "end": [
            60.58277,
            -174.8065
          ]
        },
        {
          "type": "line",
          "start": [
            60.58277,
            -175.18746
          ],
          "end": [
            60.67801,
            -174.99698
          ]
        },
        {
          "type": "line",
          "start": [
            60.67801,
            -174.99698
          ],
          "end": [
            60.77324,
            -174.90174
          ]
        },
        {
          "type": "line",
          "start": [
            60.77324,
            -174.90174
          ],
          "end": [
            60.96372,
            -174.8065
          ]
        },
        {
          "type": "line",
          "start": [
            60.96372,
            -174.8065
          ],
          "end": [
            61.1542,
            -174.8065
          ]
        },
        {
          "type": "line",
          "start": [
            61.82086,
            -176.13984
          ],
          "end": [
            61.82086,
            -174.8065
          ]
        },
        {
          "type": "line",
          "start": [
            61.82086,
            -174.13984
          ],
          "end": [
            61.72562,
            -174.23508
          ]
        },
        {
          "type": "line",
          "start": [
            61.72562,
            -174.23508
          ],
          "end": [
            61.82086,
            -174.33031
          ]
        },
        {
          "type": "line",
          "start": [
            61.82086,
            -174.33031
          ],
          "end": [
            61.9161,
            -174.23508
          ]
        },
        {
          "type": "line",
          "start": [
            61.9161,
            -174.23508
          ],
          "end": [
            61.82086,
            -174.13984
          ]
        },
        {
          "type": "line",
          "start": [
            61.82086,
            -174.13984
          ],
          "end": [
            61.82086,
            -174.33031
          ]
        },
        {
          "type": "line",
          "start": [
            63.05896,
            -176.13984
          ],
          "end": [
            62.86848,
            -176.0446
          ]
        },
        {
          "type": "line",
          "start": [
            62.86848,
            -176.0446
          ],
          "end": [
            62.77324,
            -175.85412
          ]
        },
        {
          "type": "line",
          "start": [
            62.77324,
            -175.85412
          ],
          "end": [
            62.77324,
            -174.13984
          ]
        },
        {
          "type": "line",
          "start": [
            64.10658,
            -176.13984
          ],
          "end": [
            63.9161,
            -176.0446
          ]
        },
        {
          "type": "line",
          "start": [
            63.9161,
            -176.0446
          ],
          "end": [
            63.82086,
            -175.85412
          ]
        },
        {
          "type": "line",
          "start": [
            63.82086,
            -175.85412
          ],
          "end": [
            63.82086,
            -174.13984
          ]
        },
        {
          "type": "line",
          "start": [
            66.39229,
            -176.13984
          ],
          "end": [
            66.39229,
            -174.13984
          ]
        },
        {
          "type": "line",
          "start": [
            66.39229,
            -174.13984
          ],
          "end": [
            67.05896,
            -175.56841
          ]
        },
        {
          "type": "line",
          "start": [
            67.05896,
            -175.56841
          ],
          "end": [
            67.72562,
            -174.13984
          ]
        },
        {
          "type": "line",
          "start": [
            67.72562,
            -174.13984
          ],
          "end": [
            67.72562,
            -176.13984
          ]
        },
        {
          "type": "line",
          "start": [
            69.53515,
            -176.13984
          ],
          "end": [
            69.53515,
            -175.09222
          ]
        },
        {
          "type": "line",
          "start": [
            69.53515,
            -175.09222
          ],
          "end": [
            69.43991,
            -174.90174
          ]
        },
        {
          "type": "line",
          "start": [
            69.43991,
            -174.90174
          ],
          "end": [
            69.24943,
            -174.8065
          ]
        },
        {
          "type": "line",
          "start": [
            69.24943,
            -174.8065
          ],
          "end": [
            68.86848,
            -174.8065
          ]
        },
        {
          "type": "line",
          "start": [
            68.86848,
            -174.8065
          ],
          "end": [
            68.67801,
            -174.90174
          ]
        },
        {
          "type": "line",
          "start": [
            69.53515,
            -176.0446
          ],
          "end": [
            69.34467,
            -176.13984
          ]
        },
        {
          "type": "line",
          "start": [
            69.34467,
            -176.13984
          ],
          "end": [
            68.86848,
            -176.13984
          ]
        },
        {
          "type": "line",
          "start": [
            68.86848,
            -176.13984
          ],
          "end": [
            68.67801,
            -176.0446
          ]
        },
        {
          "type": "line",
          "start": [
            68.67801,
            -176.0446
          ],
          "end": [
            68.58277,
            -175.85412
          ]
        },
        {
          "type": "line",
          "start": [
            68.58277,
            -175.85412
          ],
          "end": [
            68.58277,
            -175.66365
          ]
        },
        {
          "type": "line",
          "start": [
            68.58277,
            -175.66365
          ],
          "end": [
            68.67801,
            -175.47317
          ]
        },
        {
          "type": "line",
          "start": [
            68.67801,
            -175.47317
          ],
          "end": [
            68.86848,
            -175.37793
          ]
        },
        {
          "type": "line",
          "start": [
            68.86848,
            -175.37793
          ],
          "end": [
            69.34467,
            -175.37793
          ]
        },
        {
          "type": "line",
          "start": [
            69.34467,
            -175.37793
          ],
          "end": [
            69.53515,
            -175.2827
          ]
        },
        {
          "type": "line",
          "start": [
            70.48753,
            -174.8065
          ],
          "end": [
            70.48753,
            -176.8065
          ]
        },
        {
          "type": "line",
          "start": [
            70.48753,
            -174.90174
          ],
          "end": [
            70.67801,
            -174.8065
          ]
        },
        {
          "type": "line",
          "start": [
            70.67801,
            -174.8065
          ],
          "end": [
            71.05896,
            -174.8065
          ]
        },
        {
          "type": "line",
          "start": [
            71.05896,
            -174.8065
          ],
          "end": [
            71.24943,
            -174.90174
          ]
        },
        {
          "type": "line",
          "start": [
            71.24943,
            -174.90174
          ],
          "end": [
            71.34467,
            -174.99698
          ]
        },
        {
          "type": "line",
          "start": [
            71.34467,
            -174.99698
          ],
          "end": [
            71.43991,
            -175.18746
          ]
        },
        {
          "type": "line",
          "start": [
            71.43991,
            -175.18746
          ],
          "end": [
            71.43991,
            -175.75889
          ]
        },
        {
          "type": "line",
          "start": [
            71.43991,
            -175.75889
          ],
          "end": [
            71.34467,
            -175.94936
          ]
        },
        {
          "type": "line",
          "start": [
            71.34467,
            -175.94936
          ],
          "end": [
            71.24943,
            -176.0446
          ]
        },
        {
          "type": "line",
          "start": [
            71.24943,
            -176.0446
          ],
          "end": [
            71.05896,
            -176.13984
          ]
        },
        {
          "type": "line",
          "start": [
            71.05896,
            -176.13984
          ],
          "end": [
            70.67801,
            -176.13984
          ]
        },
        {
          "type": "line",
          "start": [
            70.67801,
            -176.13984
          ],
          "end": [
            70.48753,
            -176.0446
          ]
        },
        {
          "type": "line",
          "start": [
            72.29705,
            -175.94936
          ],
          "end": [
            72.39229,
            -176.0446
          ]
        },
        {
          "type": "line",
          "start": [
            72.39229,
            -176.0446
          ],
          "end": [
            72.29705,
            -176.13984
          ]
        },
        {
          "type": "line",
          "start": [
            72.29705,
            -176.13984
          ],
          "end": [
            72.20182,
            -176.0446
          ]
        },
        {
          "type": "line",
          "start": [
            72.20182,
            -176.0446
          ],
          "end": [
            72.29705,
            -175.94936
          ]
        },
        {
          "type": "line",
          "start": [
            72.29705,
            -175.94936
          ],
          "end": [
            72.29705,
            -176.13984
          ]
        },
        {
          "type": "line",
          "start": [
            72.29705,
            -174.90174
          ],
          "end": [
            72.39229,
            -174.99698
          ]
        },
        {
          "type": "line",
          "start": [
            72.39229,
            -174.99698
          ],
          "end": [
            72.29705,
            -175.09222
          ]
        },
        {
          "type": "line",
          "start": [
            72.29705,
            -175.09222
          ],
          "end": [
            72.20182,
            -174.99698
          ]
        },
        {
          "type": "line",
          "start": [
            72.20182,
            -174.99698
          ],
          "end": [
            72.29705,
            -174.90174
          ]
        },
        {
          "type": "line",
          "start": [
            72.29705,
            -174.90174
          ],
          "end": [
            72.29705,
            -175.09222
          ]
        },
        {
          "type": "line",
          "start": [
            53.975,
            -178.425
          ],
          "end": [
            55.975,
            -180.425
          ]
        },
        {
          "type": "line",
          "start": [
            55.975,
            -178.425
          ],
          "end": [
            53.975,
            -180.425
          ]
        },
        {
          "type": "line",
          "start": [
            58.48753,
            -178.53031
          ],
          "end": [
            58.58277,
            -178.43508
          ]
        },
        {
          "type": "line",
          "start": [
            58.58277,
            -178.43508
          ],
          "end": [
            58.77324,
            -178.33984
          ]
        },
        {
          "type": "line",
          "start": [
            58.77324,
            -178.33984
          ],
          "end": [
            59.24943,
            -178.33984
          ]
        },
        {
          "type": "line",
          "start": [
            59.24943,
            -178.33984
          ],
          "end": [
            59.43991,
            -178.43508
          ]
        },
        {
          "type": "line",
          "start": [
            59.43991,
            -178.43508
          ],
          "end": [
            59.53515,
            -178.53031
          ]
        },
        {
          "type": "line",
          "start": [
            59.53515,
            -178.53031
          ],
          "end": [
            59.63039,
            -178.72079
          ]
        },
        {
          "type": "line",
          "start": [
            59.63039,
            -178.72079
          ],
          "end": [
            59.63039,
            -178.91127
          ]
        },
        {
          "type": "line",
          "start": [
            59.63039,
            -178.91127
          ],
          "end": [
            59.53515,
            -179.19698
          ]
        },
        {
          "type": "line",
          "start": [
            59.53515,
            -179.19698
          ],
          "end": [
            58.39229,
            -180.33984
          ]
        },
        {
          "type": "line",
          "start": [
            58.39229,
            -180.33984
          ],
          "end": [
            59.63039,
            -180.33984
          ]
        },
        {
          "type": "line",
          "start": [
            60.48753,
            -180.14936
          ],
          "end": [
            60.58277,
            -180.2446
          ]
        },
        {
          "type": "line",
          "start": [
            60.58277,
            -180.2446
          ],
          "end": [
            60.48753,
            -180.33984
          ]
        },
        {
          "type": "line",
          "start": [
            60.48753,
            -180.33984
          ],
          "end": [
            60.39229,
            -180.2446
          ]
        },
        {
          "type": "line",
          "start": [
            60.39229,
            -180.2446
          ],
          "end": [
            60.48753,
            -180.14936
          ]
        },
        {
          "type": "line",
          "start": [
            60.48753,
            -180.14936
          ],
          "end": [
            60.48753,
            -180.33984
          ]
        },
        {
          "type": "line",
          "start": [
            61.24943,
            -178.33984
          ],
          "end": [
            62.58277,
            -178.33984
          ]
        },
        {
          "type": "line",
          "start": [
            62.58277,
            -178.33984
          ],
          "end": [
            61.72562,
            -180.33984
          ]
        },
        {
          "type": "line",
          "start": [
            64.29705,
            -178.33984
          ],
          "end": [
            63.34467,
            -178.33984
          ]
        },
        {
          "type": "line",
          "start": [
            63.34467,
            -178.33984
          ],
          "end": [
            63.24943,
            -179.29222
          ]
        },
        {
          "type": "line",
          "start": [
            63.24943,
            -179.29222
          ],
          "end": [
            63.34467,
            -179.19698
          ]
        },
        {
          "type": "line",
          "start": [
            63.34467,
            -179.19698
          ],
          "end": [
            63.53515,
            -179.10174
          ]
        },
        {
          "type": "line",
          "start": [
            63.53515,
            -179.10174
          ],
          "end": [
            64.01134,
            -179.10174
          ]
        },
        {
          "type": "line",
          "start": [
            64.01134,
            -179.10174
          ],
          "end": [
            64.20182,
            -179.19698
          ]
        },
        {
          "type": "line",
          "start": [
            64.20182,
            -179.19698
          ],
          "end": [
            64.29705,
            -179.29222
          ]
        },
        {
          "type": "line",
          "start": [
            64.29705,
            -179.29222
          ],
          "end": [
            64.39229,
            -179.4827
          ]
        },
        {
          "type": "line",
          "start": [
            64.39229,
            -179.4827
          ],
          "end": [
            64.39229,
            -179.95889
          ]
        },
        {
          "type": "line",
          "start": [
            64.39229,
            -179.95889
          ],
          "end": [
            64.29705,
            -180.14936
          ]
        },
        {
          "type": "line",
          "start": [
            64.29705,
            -180.14936
          ],
          "end": [
            64.20182,
            -180.2446
          ]
        },
        {
          "type": "line",
          "start": [
            64.20182,
            -180.2446
          ],
          "end": [
            64.01134,
            -180.33984
          ]
        },
        {
          "type": "line",
          "start": [
            64.01134,
            -180.33984
          ],
          "end": [
            63.53515,
            -180.33984
          ]
        },
        {
          "type": "line",
          "start": [
            63.53515,
            -180.33984
          ],
          "end": [
            63.34467,
            -180.2446
          ]
        },
        {
          "type": "line",
          "start": [
            63.34467,
            -180.2446
          ],
          "end": [
            63.24943,
            -180.14936
          ]
        },
        {
          "type": "line",
          "start": [
            65.63039,
            -178.33984
          ],
          "end": [
            65.82086,
            -178.33984
          ]
        },
        {
          "type": "line",
          "start": [
            65.82086,
            -178.33984
          ],
          "end": [
            66.01134,
            -178.43508
          ]
        },
        {
          "type": "line",
          "start": [
            66.01134,
            -178.43508
          ],
          "end": [
            66.10658,
            -178.53031
          ]
        },
        {
          "type": "line",
          "start": [
            66.10658,
            -178.53031
          ],
          "end": [
            66.20182,
            -178.72079
          ]
        },
        {
          "type": "line",
          "start": [
            66.20182,
            -178.72079
          ],
          "end": [
            66.29705,
            -179.10174
          ]
        },
        {
          "type": "line",
          "start": [
            66.29705,
            -179.10174
          ],
          "end": [
            66.29705,
            -179.57793
          ]
        },
        {
          "type": "line",
          "start": [
            66.29705,
            -179.57793
          ],
          "end": [
            66.20182,
            -179.95889
          ]
        },
        {
          "type": "line",
          "start": [
            66.20182,
            -179.95889
          ],
          "end": [
            66.10658,
            -180.14936
          ]
        },
        {
          "type": "line",
          "start": [
            66.10658,
            -180.14936
          ],
          "end": [
            66.01134,
            -180.2446
          ]
        },
        {
          "type": "line",
          "start": [
            66.01134,
            -180.2446
          ],
          "end": [
            65.82086,
            -180.33984
          ]
        },
        {
          "type": "line",
          "start": [
            65.82086,
            -180.33984
          ],
          "end": [
            65.63039,
            -180.33984
          ]
        },
        {
          "type": "line",
          "start": [
            65.63039,
            -180.33984
          ],
          "end": [
            65.43991,
            -180.2446
          ]
        },
        {
          "type": "line",
          "start": [
            65.43991,
            -180.2446
          ],
          "end": [
            65.34467,
            -180.14936
          ]
        },
        {
          "type": "line",
          "start": [
            65.34467,
            -180.14936
          ],
          "end": [
            65.24943,
            -179.95889
          ]
        },
        {
          "type": "line",
          "start": [
            65.24943,
            -179.95889
          ],
          "end": [
            65.1542,
            -179.57793
          ]
        },
        {
          "type": "line",
          "start": [
            65.1542,
            -179.57793
          ],
          "end": [
            65.1542,
            -179.10174
          ]
        },
        {
          "type": "line",
          "start": [
            65.1542,
            -179.10174
          ],
          "end": [
            65.24943,
            -178.72079
          ]
        },
        {
          "type": "line",
          "start": [
            65.24943,
            -178.72079
          ],
          "end": [
            65.34467,
            -178.53031
          ]
        },
        {
          "type": "line",
          "start": [
            65.34467,
            -178.53031
          ],
          "end": [
            65.43991,
            -178.43508
          ]
        },
        {
          "type": "line",
          "start": [
            65.43991,
            -178.43508
          ],
          "end": [
            65.63039,
            -178.33984
          ]
        },
        {
          "type": "line",
          "start": [
            67.1542,
            -180.33984
          ],
          "end": [
            67.1542,
            -179.0065
          ]
        },
        {
          "type": "line",
          "start": [
            67.1542,
            -179.19698
          ],
          "end": [
            67.24943,
            -179.10174
          ]
        },
        {
          "type": "line",
          "start": [
            67.24943,
            -179.10174
          ],
          "end": [
            67.43991,
            -179.0065
          ]
        },
        {
          "type": "line",
          "start": [
            67.43991,
            -179.0065
          ],
          "end": [
            67.72563,
            -179.0065
          ]
        },
        {
          "type": "line",
          "start": [
            67.72563,
            -179.0065
          ],
          "end": [
            67.9161,
            -179.10174
          ]
        },
        {
          "type": "line",
          "start": [
            67.9161,
            -179.10174
          ],
          "end": [
            68.01134,
            -179.29222
          ]
        },
        {
          "type": "line",
          "start": [
            68.01134,
            -179.29222
          ],
          "end": [
            68.01134,
            -180.33984
          ]
        },
        {
          "type": "line",
          "start": [
            68.01134,
            -179.29222
          ],
          "end": [
            68.10658,
            -179.10174
          ]
        },
        {
          "type": "line",
          "start": [
            68.10658,
            -179.10174
          ],
          "end": [
            68.29705,
            -179.0065
          ]
        },
        {
          "type": "line",
          "start": [
            68.29705,
            -179.0065
          ],
          "end": [
            68.58277,
            -179.0065
          ]
        },
        {
          "type": "line",
          "start": [
            68.58277,
            -179.0065
          ],
          "end": [
            68.77324,
            -179.10174
          ]
        },
        {
          "type": "line",
          "start": [
            68.77324,
            -179.10174
          ],
          "end": [
            68.86848,
            -179.29222
          ]
        },
        {
          "type": "line",
          "start": [
            68.86848,
            -179.29222
          ],
          "end": [
            68.86848,
            -180.33984
          ]
        },
        {
          "type": "line",
          "start": [
            69.82086,
            -180.33984
          ],
          "end": [
            69.82086,
            -179.0065
          ]
        },
        {
          "type": "line",
          "start": [
            69.82086,
            -179.19698
          ],
          "end": [
            69.9161,
            -179.10174
          ]
        },
        {
          "type": "line",
          "start": [
            69.9161,
            -179.10174
          ],
          "end": [
            70.10658,
            -179.0065
          ]
        },
        {
          "type": "line",
          "start": [
            70.10658,
            -179.0065
          ],
          "end": [
            70.39229,
            -179.0065
          ]
        },
        {
          "type": "line",
          "start": [
            70.39229,
            -179.0065
          ],
          "end": [
            70.58277,
            -179.10174
          ]
        },
        {
          "type": "line",
          "start": [
            70.58277,
            -179.10174
          ],
          "end": [
            70.67801,
            -179.29222
          ]
        },
        {
          "type": "line",
          "start": [
            70.67801,
            -179.29222
          ],
          "end": [
            70.67801,
            -180.33984
          ]
        },
        {
          "type": "line",
          "start": [
            70.67801,
            -179.29222
          ],
          "end": [
            70.77324,
            -179.10174
          ]
        },
        {
          "type": "line",
          "start": [
            70.77324,
            -179.10174
          ],
          "end": [
            70.96372,
            -179.0065
          ]
        },
        {
          "type": "line",
          "start": [
            70.96372,
            -179.0065
          ],
          "end": [
            71.24943,
            -179.0065
          ]
        },
        {
          "type": "line",
          "start": [
            71.24943,
            -179.0065
          ],
          "end": [
            71.43991,
            -179.10174
          ]
        },
        {
          "type": "line",
          "start": [
            71.43991,
            -179.10174
          ],
          "end": [
            71.53515,
            -179.29222
          ]
        },
        {
          "type": "line",
          "start": [
            71.53515,
            -179.29222
          ],
          "end": [
            71.53515,
            -180.33984
          ]
        },
        {
          "type": "line",
          "start": [
            75.43991,
            -178.2446
          ],
          "end": [
            73.72563,
            -180.81603
          ]
        },
        {
          "type": "line",
          "start": [
            78.01134,
            -178.33984
          ],
          "end": [
            78.20182,
            -178.33984
          ]
        },
        {
          "type": "line",
          "start": [
            78.20182,
            -178.33984
          ],
          "end": [
            78.39229,
            -178.43508
          ]
        },
        {
          "type": "line",
          "start": [
            78.39229,
            -178.43508
          ],
          "end": [
            78.48753,
            -178.53031
          ]
        },
        {
          "type": "line",
          "start": [
            78.48753,
            -178.53031
          ],
          "end": [
            78.58277,
            -178.72079
          ]
        },
        {
          "type": "line",
          "start": [
            78.58277,
            -178.72079
          ],
          "end": [
            78.67801,
            -179.10174
          ]
        },
        {
          "type": "line",
          "start": [
            78.67801,
            -179.10174
          ],
          "end": [
            78.67801,
            -179.57793
          ]
        },
        {
          "type": "line",
          "start": [
            78.67801,
            -179.57793
          ],
          "end": [
            78.58277,
            -179.95889
          ]
        },
        {
          "type": "line",
          "start": [
            78.58277,
            -179.95889
          ],
          "end": [
            78.48753,
            -180.14936
          ]
        },
        {
          "type": "line",
          "start": [
            78.48753,
            -180.14936
          ],
          "end": [
            78.39229,
            -180.2446
          ]
        },
        {
          "type": "line",
          "start": [
            78.39229,
            -180.2446
          ],
          "end": [
            78.20182,
            -180.33984
          ]
        },
        {
          "type": "line",
          "start": [
            78.20182,
            -180.33984
          ],
          "end": [
            78.01134,
            -180.33984
          ]
        },
        {
          "type": "line",
          "start": [
            78.01134,
            -180.33984
          ],
          "end": [
            77.82086,
            -180.2446
          ]
        },
        {
          "type": "line",
          "start": [
            77.82086,
            -180.2446
          ],
          "end": [
            77.72563,
            -180.14936
          ]
        },
        {
          "type": "line",
          "start": [
            77.72563,
            -180.14936
          ],
          "end": [
            77.63039,
            -179.95889
          ]
        },
        {
          "type": "line",
          "start": [
            77.63039,
            -179.95889
          ],
          "end": [
            77.53515,
            -179.57793
          ]
        },
        {
          "type": "line",
          "start": [
            77.53515,
            -179.57793
          ],
          "end": [
            77.53515,
            -179.10174
          ]
        },
        {
          "type": "line",
          "start": [
            77.53515,
            -179.10174
          ],
          "end": [
            77.63039,
            -178.72079
          ]
        },
        {
          "type": "line",
          "start": [
            77.63039,
            -178.72079
          ],
          "end": [
            77.72563,
            -178.53031
          ]
        },
        {
          "type": "line",
          "start": [
            77.72563,
            -178.53031
          ],
          "end": [
            77.82086,
            -178.43508
          ]
        },
        {
          "type": "line",
          "start": [
            77.82086,
            -178.43508
          ],
          "end": [
            78.01134,
            -178.33984
          ]
        },
        {
          "type": "line",
          "start": [
            79.53515,
            -180.14936
          ],
          "end": [
            79.63039,
            -180.2446
          ]
        },
        {
          "type": "line",
          "start": [
            79.63039,
            -180.2446
          ],
          "end": [
            79.53515,
            -180.33984
          ]
        },
        {
          "type": "line",
          "start": [
            79.53515,
            -180.33984
          ],
          "end": [
            79.43991,
            -180.2446
          ]
        },
        {
          "type": "line",
          "start": [
            79.43991,
            -180.2446
          ],
          "end": [
            79.53515,
            -180.14936
          ]
        },
        {
          "type": "line",
          "start": [
            79.53515,
            -180.14936
          ],
          "end": [
            79.53515,
            -180.33984
          ]
        },
        {
          "type": "line",
          "start": [
            81.53515,
            -180.33984
          ],
          "end": [
            80.39229,
            -180.33984
          ]
        },
        {
          "type": "line",
          "start": [
            80.96372,
            -180.33984
          ],
          "end": [
            80.96372,
            -178.33984
          ]
        },
        {
          "type": "line",
          "start": [
            80.96372,
            -178.33984
          ],
          "end": [
            80.77325,
            -178.62555
          ]
        },
        {
          "type": "line",
          "start": [
            80.77325,
            -178.62555
          ],
          "end": [
            80.58277,
            -178.81603
          ]
        },
        {
          "type": "line",
          "start": [
            80.58277,
            -178.81603
          ],
          "end": [
            80.39229,
            -178.91127
          ]
        },
        {
          "type": "line",
          "start": [
            82.77325,
            -178.33984
          ],
          "end": [
            82.96372,
            -178.33984
          ]
        },
        {
          "type": "line",
          "start": [
            82.96372,
            -178.33984
          ],
          "end": [
            83.1542,
            -178.43508
          ]
        },
        {
          "type": "line",
          "start": [
            83.1542,
            -178.43508
          ],
          "end": [
            83.24944,
            -178.53031
          ]
        },
        {
          "type": "line",
          "start": [
            83.24944,
            -178.53031
          ],
          "end": [
            83.34467,
            -178.72079
          ]
        },
        {
          "type": "line",
          "start": [
            83.34467,
            -178.72079
          ],
          "end": [
            83.43991,
            -179.10174
          ]
        },
        {
          "type": "line",
          "start": [
            83.43991,
            -179.10174
          ],
          "end": [
            83.43991,
            -179.57793
          ]
        },
        {
          "type": "line",
          "start": [
            83.43991,
            -179.57793
          ],
          "end": [
            83.34467,
            -179.95889
          ]
        },
        {
          "type": "line",
          "start": [
            83.34467,
            -179.95889
          ],
          "end": [
            83.24944,
            -180.14936
          ]
        },
        {
          "type": "line",
          "start": [
            83.24944,
            -180.14936
          ],
          "end": [
            83.1542,
            -180.2446
          ]
        },
        {
          "type": "line",
          "start": [
            83.1542,
            -180.2446
          ],
          "end": [
            82.96372,
            -180.33984
          ]
        },
        {
          "type": "line",
          "start": [
            82.96372,
            -180.33984
          ],
          "end": [
            82.77325,
            -180.33984
          ]
        },
        {
          "type": "line",
          "start": [
            82.77325,
            -180.33984
          ],
          "end": [
            82.58277,
            -180.2446
          ]
        },
        {
          "type": "line",
          "start": [
            82.58277,
            -180.2446
          ],
          "end": [
            82.48753,
            -180.14936
          ]
        },
        {
          "type": "line",
          "start": [
            82.48753,
            -180.14936
          ],
          "end": [
            82.39229,
            -179.95889
          ]
        },
        {
          "type": "line",
          "start": [
            82.39229,
            -179.95889
          ],
          "end": [
            82.29706,
            -179.57793
          ]
        },
        {
          "type": "line",
          "start": [
            82.29706,
            -179.57793
          ],
          "end": [
            82.29706,
            -179.10174
          ]
        },
        {
          "type": "line",
          "start": [
            82.29706,
            -179.10174
          ],
          "end": [
            82.39229,
            -178.72079
          ]
        },
        {
          "type": "line",
          "start": [
            82.39229,
            -178.72079
          ],
          "end": [
            82.48753,
            -178.53031
          ]
        },
        {
          "type": "line",
          "start": [
            82.48753,
            -178.53031
          ],
          "end": [
            82.58277,
            -178.43508
          ]
        },
        {
          "type": "line",
          "start": [
            82.58277,
            -178.43508
          ],
          "end": [
            82.77325,
            -178.33984
          ]
        },
        {
          "type": "line",
          "start": [
            84.58277,
            -179.19698
          ],
          "end": [
            84.39229,
            -179.10174
          ]
        },
        {
          "type": "line",
          "start": [
            84.39229,
            -179.10174
          ],
          "end": [
            84.29706,
            -179.0065
          ]
        },
        {
          "type": "line",
          "start": [
            84.29706,
            -179.0065
          ],
          "end": [
            84.20182,
            -178.81603
          ]
        },
        {
          "type": "line",
          "start": [
            84.20182,
            -178.81603
          ],
          "end": [
            84.20182,
            -178.72079
          ]
        },
        {
          "type": "line",
          "start": [
            84.20182,
            -178.72079
          ],
          "end": [
            84.29706,
            -178.53031
          ]
        },
        {
          "type": "line",
          "start": [
            84.29706,
            -178.53031
          ],
          "end": [
            84.39229,
            -178.43508
          ]
        },
        {
          "type": "line",
          "start": [
            84.39229,
            -178.43508
          ],
          "end": [
            84.58277,
            -178.33984
          ]
        },
        {
          "type": "line",
          "start": [
            84.58277,
            -178.33984
          ],
          "end": [
            84.96372,
            -178.33984
          ]
        },
        {
          "type": "line",
          "start": [
            84.96372,
            -178.33984
          ],
          "end": [
            85.1542,
            -178.43508
          ]
        },
        {
          "type": "line",
          "start": [
            85.1542,
            -178.43508
          ],
          "end": [
            85.24944,
            -178.53031
          ]
        },
        {
          "type": "line",
          "start": [
            85.24944,
            -178.53031
          ],
          "end": [
            85.34468,
            -178.72079
          ]
        },
        {
          "type": "line",
          "start": [
            85.34468,
            -178.72079
          ],
          "end": [
            85.34468,
            -178.81603
          ]
        },
        {
          "type": "line",
          "start": [
            85.34468,
            -178.81603
          ],
          "end": [
            85.24944,
            -179.0065
          ]
        },
        {
          "type": "line",
          "start": [
            85.24944,
            -179.0065
          ],
          "end": [
            85.1542,
            -179.10174
          ]
        },
        {
          "type": "line",
          "start": [
            85.1542,
            -179.10174
          ],
          "end": [
            84.96372,
            -179.19698
          ]
        },
        {
          "type": "line",
          "start": [
            84.96372,
            -179.19698
          ],
          "end": [
            84.58277,
            -179.19698
          ]
        },
        {
          "type": "line",
          "start": [
            84.58277,
            -179.19698
          ],
          "end": [
            84.39229,
            -179.29222
          ]
        },
        {
          "type": "line",
          "start": [
            84.39229,
            -179.29222
          ],
          "end": [
            84.29706,
            -179.38746
          ]
        },
        {
          "type": "line",
          "start": [
            84.29706,
            -179.38746
          ],
          "end": [
            84.20182,
            -179.57793
          ]
        },
        {
          "type": "line",
          "start": [
            84.20182,
            -179.57793
          ],
          "end": [
            84.20182,
            -179.95889
          ]
        },
        {
          "type": "line",
          "start": [
            84.20182,
            -179.95889
          ],
          "end": [
            84.29706,
            -180.14936
          ]
        },
        {
          "type": "line",
          "start": [
            84.29706,
            -180.14936
          ],
          "end": [
            84.39229,
            -180.2446
          ]
        },
        {
          "type": "line",
          "start": [
            84.39229,
            -180.2446
          ],
          "end": [
            84.58277,
            -180.33984
          ]
        },
        {
          "type": "line",
          "start": [
            84.58277,
            -180.33984
          ],
          "end": [
            84.96372,
            -180.33984
          ]
        },
        {
          "type": "line",
          "start": [
            84.96372,
            -180.33984
          ],
          "end": [
            85.1542,
            -180.2446
          ]
        },
        {
          "type": "line",
          "start": [
            85.1542,
            -180.2446
          ],
          "end": [
            85.24944,
            -180.14936
          ]
        },
        {
          "type": "line",
          "start": [
            85.24944,
            -180.14936
          ],
          "end": [
            85.34468,
            -179.95889
          ]
        },
        {
          "type": "line",
          "start": [
            85.34468,
            -179.95889
          ],
          "end": [
            85.34468,
            -179.57793
          ]
        },
        {
          "type": "line",
          "start": [
            85.34468,
            -179.57793
          ],
          "end": [
            85.24944,
            -179.38746
          ]
        },
        {
          "type": "line",
          "start": [
            85.24944,
            -179.38746
          ],
          "end": [
            85.1542,
            -179.29222
          ]
        },
        {
          "type": "line",
          "start": [
            85.1542,
            -179.29222
          ],
          "end": [
            84.96372,
            -179.19698
          ]
        },
        {
          "type": "line",
          "start": [
            86.01134,
            -178.33984
          ],
          "end": [
            87.24944,
            -178.33984
          ]
        },
        {
          "type": "line",
          "start": [
            87.24944,
            -178.33984
          ],
          "end": [
            86.58277,
            -179.10174
          ]
        },
        {
          "type": "line",
          "start": [
            86.58277,
            -179.10174
          ],
          "end": [
            86.86849,
            -179.10174
          ]
        },
        {
          "type": "line",
          "start": [
            86.86849,
            -179.10174
          ],
          "end": [
            87.05896,
            -179.19698
          ]
        },
        {
          "type": "line",
          "start": [
            87.05896,
            -179.19698
          ],
          "end": [
            87.1542,
            -179.29222
          ]
        },
        {
          "type": "line",
          "start": [
            87.1542,
            -179.29222
          ],
          "end": [
            87.24944,
            -179.4827
          ]
        },
        {
          "type": "line",
          "start": [
            87.24944,
            -179.4827
          ],
          "end": [
            87.24944,
            -179.95889
          ]
        },
        {
          "type": "line",
          "start": [
            87.24944,
            -179.95889
          ],
          "end": [
            87.1542,
            -180.14936
          ]
        },
        {
          "type": "line",
          "start": [
            87.1542,
            -180.14936
          ],
          "end": [
            87.05896,
            -180.2446
          ]
        },
        {
          "type": "line",
          "start": [
            87.05896,
            -180.2446
          ],
          "end": [
            86.86849,
            -180.33984
          ]
        },
        {
          "type": "line",
          "start": [
            86.86849,
            -180.33984
          ],
          "end": [
            86.29706,
            -180.33984
          ]
        },
        {
          "type": "line",
          "start": [
            86.29706,
            -180.33984
          ],
          "end": [
            86.10658,
            -180.2446
          ]
        },
        {
          "type": "line",
          "start": [
            86.10658,
            -180.2446
          ],
          "end": [
            86.01134,
            -180.14936
          ]
        },
        {
          "type": "line",
          "start": [
            88.01134,
            -178.33984
          ],
          "end": [
            88.01134,
            -178.72079
          ]
        },
        {
          "type": "line",
          "start": [
            88.77325,
            -178.33984
          ],
          "end": [
            88.77325,
            -178.72079
          ]
        },
        {
          "type": "line",
          "start": [
            91.72563,
            -181.10174
          ],
          "end": [
            91.63039,
            -181.0065
          ]
        },
        {
          "type": "line",
          "start": [
            91.63039,
            -181.0065
          ],
          "end": [
            91.43991,
            -180.72079
          ]
        },
        {
          "type": "line",
          "start": [
            91.43991,
            -180.72079
          ],
          "end": [
            91.34468,
            -180.53031
          ]
        },
        {
          "type": "line",
          "start": [
            91.34468,
            -180.53031
          ],
          "end": [
            91.24944,
            -180.2446
          ]
        },
        {
          "type": "line",
          "start": [
            91.24944,
            -180.2446
          ],
          "end": [
            91.1542,
            -179.76841
          ]
        },
        {
          "type": "line",
          "start": [
            91.1542,
            -179.76841
          ],
          "end": [
            91.1542,
            -179.38746
          ]
        },
        {
          "type": "line",
          "start": [
            91.1542,
            -179.38746
          ],
          "end": [
            91.24944,
            -178.91127
          ]
        },
        {
          "type": "line",
          "start": [
            91.24944,
            -178.91127
          ],
          "end": [
            91.34468,
            -178.62555
          ]
        },
        {
          "type": "line",
          "start": [
            91.34468,
            -178.62555
          ],
          "end": [
            91.43991,
            -178.43508
          ]
        },
        {
          "type": "line",
          "start": [
            91.43991,
            -178.43508
          ],
          "end": [
            91.63039,
            -178.14936
          ]
        },
        {
          "type": "line",
          "start": [
            91.63039,
            -178.14936
          ],
          "end": [
            91.72563,
            -178.05412
          ]
        },
        {
          "type": "line",
          "start": [
            92.29706,
            -178.33984
          ],
          "end": [
            93.63039,
            -178.33984
          ]
        },
        {
          "type": "line",
          "start": [
            93.63039,
            -178.33984
          ],
          "end": [
            92.77325,
            -180.33984
          ]
        },
        {
          "type": "line",
          "start": [
            95.91611,
            -180.33984
          ],
          "end": [
            95.91611,
            -178.33984
          ]
        },
        {
          "type": "line",
          "start": [
            96.77325,
            -180.33984
          ],
          "end": [
            96.77325,
            -179.29222
          ]
        },
        {
          "type": "line",
          "start": [
            96.77325,
            -179.29222
          ],
          "end": [
            96.67801,
            -179.10174
          ]
        },
        {
          "type": "line",
          "start": [
            96.67801,
            -179.10174
          ],
          "end": [
            96.48753,
            -179.0065
          ]
        },
        {
          "type": "line",
          "start": [
            96.48753,
            -179.0065
          ],
          "end": [
            96.20182,
            -179.0065
          ]
        },
        {
          "type": "line",
          "start": [
            96.20182,
            -179.0065
          ],
          "end": [
            96.01134,
            -179.10174
          ]
        },
        {
          "type": "line",
          "start": [
            96.01134,
            -179.10174
          ],
          "end": [
            95.91611,
            -179.19698
          ]
        },
        {
          "type": "line",
          "start": [
            98.01134,
            -180.33984
          ],
          "end": [
            97.82087,
            -180.2446
          ]
        },
        {
          "type": "line",
          "start": [
            97.82087,
            -180.2446
          ],
          "end": [
            97.72563,
            -180.14936
          ]
        },
        {
          "type": "line",
          "start": [
            97.72563,
            -180.14936
          ],
          "end": [
            97.63039,
            -179.95889
          ]
        },
        {
          "type": "line",
          "start": [
            97.63039,
            -179.95889
          ],
          "end": [
            97.63039,
            -179.38746
          ]
        },
        {
          "type": "line",
          "start": [
            97.63039,
            -179.38746
          ],
          "end": [
            97.72563,
            -179.19698
          ]
        },
        {
          "type": "line",
          "start": [
            97.72563,
            -179.19698
          ],
          "end": [
            97.82087,
            -179.10174
          ]
        },
        {
          "type": "line",
          "start": [
            97.82087,
            -179.10174
          ],
          "end": [
            98.01134,
            -179.0065
          ]
        },
        {
          "type": "line",
          "start": [
            98.01134,
            -179.0065
          ],
          "end": [
            98.29706,
            -179.0065
          ]
        },
        {
          "type": "line",
          "start": [
            98.29706,
            -179.0065
          ],
          "end": [
            98.48753,
            -179.10174
          ]
        },
        {
          "type": "line",
          "start": [
            98.48753,
            -179.10174
          ],
          "end": [
            98.58277,
            -179.19698
          ]
        },
        {
          "type": "line",
          "start": [
            98.58277,
            -179.19698
          ],
          "end": [
            98.67801,
            -179.38746
          ]
        },
        {
          "type": "line",
          "start": [
            98.67801,
            -179.38746
          ],
          "end": [
            98.67801,
            -179.95889
          ]
        },
        {
          "type": "line",
          "start": [
            98.67801,
            -179.95889
          ],
          "end": [
            98.58277,
            -180.14936
          ]
        },
        {
          "type": "line",
          "start": [
            98.58277,
            -180.14936
          ],
          "end": [
            98.48753,
            -180.2446
          ]
        },
        {
          "type": "line",
          "start": [
            98.48753,
            -180.2446
          ],
          "end": [
            98.29706,
            -180.33984
          ]
        },
        {
          "type": "line",
          "start": [
            98.29706,
            -180.33984
          ],
          "end": [
            98.01134,
            -180.33984
          ]
        },
        {
          "type": "line",
          "start": [
            99.82087,
            -180.33984
          ],
          "end": [
            99.63039,
            -180.2446
          ]
        },
        {
          "type": "line",
          "start": [
            99.63039,
            -180.2446
          ],
          "end": [
            99.53515,
            -180.05412
          ]
        },
        {
          "type": "line",
          "start": [
            99.53515,
            -180.05412
          ],
          "end": [
            99.53515,
            -178.33984
          ]
        },
        {
          "type": "line",
          "start": [
            101.34468,
            -180.2446
          ],
          "end": [
            101.1542,
            -180.33984
          ]
        },
        {
          "type": "line",
          "start": [
            101.1542,
            -180.33984
          ],
          "end": [
            100.77325,
            -180.33984
          ]
        },
        {
          "type": "line",
          "start": [
            100.77325,
            -180.33984
          ],
          "end": [
            100.58277,
            -180.2446
          ]
        },
        {
          "type": "line",
          "start": [
            100.58277,
            -180.2446
          ],
          "end": [
            100.48753,
            -180.05412
          ]
        },
        {
          "type": "line",
          "start": [
            100.48753,
            -180.05412
          ],
          "end": [
            100.48753,
            -179.29222
          ]
        },
        {
          "type": "line",
          "start": [
            100.48753,
            -179.29222
          ],
          "end": [
            100.58277,
            -179.10174
          ]
        },
        {
          "type": "line",
          "start": [
            100.58277,
            -179.10174
          ],
          "end": [
            100.77325,
            -179.0065
          ]
        },
        {
          "type": "line",
          "start": [
            100.77325,
            -179.0065
          ],
          "end": [
            101.1542,
            -179.0065
          ]
        },
        {
          "type": "line",
          "start": [
            101.1542,
            -179.0065
          ],
          "end": [
            101.34468,
            -179.10174
          ]
        },
        {
          "type": "line",
          "start": [
            101.34468,
            -179.10174
          ],
          "end": [
            101.43992,
            -179.29222
          ]
        },
        {
          "type": "line",
          "start": [
            101.43992,
            -179.29222
          ],
          "end": [
            101.43992,
            -179.4827
          ]
        },
        {
          "type": "line",
          "start": [
            101.43992,
            -179.4827
          ],
          "end": [
            100.48753,
            -179.67317
          ]
        },
        {
          "type": "line",
          "start": [
            102.20182,
            -180.2446
          ],
          "end": [
            102.3923,
            -180.33984
          ]
        },
        {
          "type": "line",
          "start": [
            102.3923,
            -180.33984
          ],
          "end": [
            102.77325,
            -180.33984
          ]
        },
        {
          "type": "line",
          "start": [
            102.77325,
            -180.33984
          ],
          "end": [
            102.96373,
            -180.2446
          ]
        },
        {
          "type": "line",
          "start": [
            102.96373,
            -180.2446
          ],
          "end": [
            103.05896,
            -180.05412
          ]
        },
        {
          "type": "line",
          "start": [
            103.05896,
            -180.05412
          ],
          "end": [
            103.05896,
            -179.95889
          ]
        },
        {
          "type": "line",
          "start": [
            103.05896,
            -179.95889
          ],
          "end": [
            102.96373,
            -179.76841
          ]
        },
        {
          "type": "line",
          "start": [
            102.96373,
            -179.76841
          ],
          "end": [
            102.77325,
            -179.67317
          ]
        },
        {
          "type": "line",
          "start": [
            102.77325,
            -179.67317
          ],
          "end": [
            102.48753,
            -179.67317
          ]
        },
        {
          "type": "line",
          "start": [
            102.48753,
            -179.67317
          ],
          "end": [
            102.29706,
            -179.57793
          ]
        },
        {
          "type": "line",
          "start": [
            102.29706,
            -179.57793
          ],
          "end": [
            102.20182,
            -179.38746
          ]
        },
        {
          "type": "line",
          "start": [
            102.20182,
            -179.38746
          ],
          "end": [
            102.20182,
            -179.29222
          ]
        },
        {
          "type": "line",
          "start": [
            102.20182,
            -179.29222
          ],
          "end": [
            102.29706,
            -179.10174
          ]
        },
        {
          "type": "line",
          "start": [
            102.29706,
            -179.10174
          ],
          "end": [
            102.48753,
            -179.0065
          ]
        },
        {
          "type": "line",
          "start": [
            102.48753,
            -179.0065
          ],
          "end": [
            102.77325,
            -179.0065
          ]
        },
        {
          "type": "line",
          "start": [
            102.77325,
            -179.0065
          ],
          "end": [
            102.96373,
            -179.10174
          ]
        },
        {
          "type": "line",
          "start": [
            103.72563,
            -181.10174
          ],
          "end": [
            103.82087,
            -181.0065
          ]
        },
        {
          "type": "line",
          "start": [
            103.82087,
            -181.0065
          ],
          "end": [
            104.01134,
            -180.72079
          ]
        },
        {
          "type": "line",
          "start": [
            104.01134,
            -180.72079
          ],
          "end": [
            104.10658,
            -180.53031
          ]
        },
        {
          "type": "line",
          "start": [
            104.10658,
            -180.53031
          ],
          "end": [
            104.20182,
            -180.2446
          ]
        },
        {
          "type": "line",
          "start": [
            104.20182,
            -180.2446
          ],
          "end": [
            104.29706,
            -179.76841
          ]
        },
        {
          "type": "line",
          "start": [
            104.29706,
            -179.76841
          ],
          "end": [
            104.29706,
            -179.38746
          ]
        },
        {
          "type": "line",
          "start": [
            104.29706,
            -179.38746
          ],
          "end": [
            104.20182,
            -178.91127
          ]
        },
        {
          "type": "line",
          "start": [
            104.20182,
            -178.91127
          ],
          "end": [
            104.10658,
            -178.62555
          ]
        },
        {
          "type": "line",
          "start": [
            104.10658,
            -178.62555
          ],
          "end": [
            104.01134,
            -178.43508
          ]
        },
        {
          "type": "line",
          "start": [
            104.01134,
            -178.43508
          ],
          "end": [
            103.82087,
            -178.14936
          ]
        },
        {
          "type": "line",
          "start": [
            103.82087,
            -178.14936
          ],
          "end": [
            103.72563,
            -178.05412
          ]
        },
        {
          "type": "line",
          "start": [
            107.34468,
            -181.10174
          ],
          "end": [
            107.24944,
            -181.0065
          ]
        },
        {
          "type": "line",
          "start": [
            107.24944,
            -181.0065
          ],
          "end": [
            107.05896,
            -180.72079
          ]
        },
        {
          "type": "line",
          "start": [
            107.05896,
            -180.72079
          ],
          "end": [
            106.96373,
            -180.53031
          ]
        },
        {
          "type": "line",
          "start": [
            106.96373,
            -180.53031
          ],
          "end": [
            106.86849,
            -180.2446
          ]
        },
        {
          "type": "line",
          "start": [
            106.86849,
            -180.2446
          ],
          "end": [
            106.77325,
            -179.76841
          ]
        },
        {
          "type": "line",
          "start": [
            106.77325,
            -179.76841
          ],
          "end": [
            106.77325,
            -179.38746
          ]
        },
        {
          "type": "line",
          "start": [
            106.77325,
            -179.38746
          ],
          "end": [
            106.86849,
            -178.91127
          ]
        },
        {
          "type": "line",
          "start": [
            106.86849,
            -178.91127
          ],
          "end": [
            106.96373,
            -178.62555
          ]
        },
        {
          "type": "line",
          "start": [
            106.96373,
            -178.62555
          ],
          "end": [
            107.05896,
            -178.43508
          ]
        },
        {
          "type": "line",
          "start": [
            107.05896,
            -178.43508
          ],
          "end": [
            107.24944,
            -178.14936
          ]
        },
        {
          "type": "line",
          "start": [
            107.24944,
            -178.14936
          ],
          "end": [
            107.34468,
            -178.05412
          ]
        },
        {
          "type": "line",
          "start": [
            108.10658,
            -179.0065
          ],
          "end": [
            108.10658,
            -180.33984
          ]
        },
        {
          "type": "line",
          "start": [
            108.10658,
            -179.19698
          ],
          "end": [
            108.20182,
            -179.10174
          ]
        },
        {
          "type": "line",
          "start": [
            108.20182,
            -179.10174
          ],
          "end": [
            108.3923,
            -179.0065
          ]
        },
        {
          "type": "line",
          "start": [
            108.3923,
            -179.0065
          ],
          "end": [
            108.67801,
            -179.0065
          ]
        },
        {
          "type": "line",
          "start": [
            108.67801,
            -179.0065
          ],
          "end": [
            108.86849,
            -179.10174
          ]
        },
        {
          "type": "line",
          "start": [
            108.86849,
            -179.10174
          ],
          "end": [
            108.96373,
            -179.29222
          ]
        },
        {
          "type": "line",
          "start": [
            108.96373,
            -179.29222
          ],
          "end": [
            108.96373,
            -180.33984
          ]
        },
        {
          "type": "line",
          "start": [
            110.20182,
            -180.33984
          ],
          "end": [
            110.01134,
            -180.2446
          ]
        },
        {
          "type": "line",
          "start": [
            110.01134,
            -180.2446
          ],
          "end": [
            109.91611,
            -180.14936
          ]
        },
        {
          "type": "line",
          "start": [
            109.91611,
            -180.14936
          ],
          "end": [
            109.82087,
            -179.95889
          ]
        },
        {
          "type": "line",
          "start": [
            109.82087,
            -179.95889
          ],
          "end": [
            109.82087,
            -179.38746
          ]
        },
        {
          "type": "line",
          "start": [
            109.82087,
            -179.38746
          ],
          "end": [
            109.91611,
            -179.19698
          ]
        },
        {
          "type": "line",
          "start": [
            109.91611,
            -179.19698
          ],
          "end": [
            110.01134,
            -179.10174
          ]
        },
        {
          "type": "line",
          "start": [
            110.01134,
            -179.10174
          ],
          "end": [
            110.20182,
            -179.0065
          ]
        },
        {
          "type": "line",
          "start": [
            110.20182,
            -179.0065
          ],
          "end": [
            110.48754,
            -179.0065
          ]
        },
        {
          "type": "line",
          "start": [
            110.48754,
            -179.0065
          ],
          "end": [
            110.67801,
            -179.10174
          ]
        },
        {
          "type": "line",
          "start": [
            110.67801,
            -179.10174
          ],
          "end": [
            110.77325,
            -179.19698
          ]
        },
        {
          "type": "line",
          "start": [
            110.77325,
            -179.19698
          ],
          "end": [
            110.86849,
            -179.38746
          ]
        },
        {
          "type": "line",
          "start": [
            110.86849,
            -179.38746
          ],
          "end": [
            110.86849,
            -179.95889
          ]
        },
        {
          "type": "line",
          "start": [
            110.86849,
            -179.95889
          ],
          "end": [
            110.77325,
            -180.14936
          ]
        },
        {
          "type": "line",
          "start": [
            110.77325,
            -180.14936
          ],
          "end": [
            110.67801,
            -180.2446
          ]
        },
        {
          "type": "line",
          "start": [
            110.67801,
            -180.2446
          ],
          "end": [
            110.48754,
            -180.33984
          ]
        },
        {
          "type": "line",
          "start": [
            110.48754,
            -180.33984
          ],
          "end": [
            110.20182,
            -180.33984
          ]
        },
        {
          "type": "line",
          "start": [
            111.43992,
            -179.0065
          ],
          "end": [
            112.20182,
            -179.0065
          ]
        },
        {
          "type": "line",
          "start": [
            111.72563,
            -178.33984
          ],
          "end": [
            111.72563,
            -180.05412
          ]
        },
        {
          "type": "line",
          "start": [
            111.72563,
            -180.05412
          ],
          "end": [
            111.82087,
            -180.2446
          ]
        },
        {
          "type": "line",
          "start": [
            111.82087,
            -180.2446
          ],
          "end": [
            112.01134,
            -180.33984
          ]
        },
        {
          "type": "line",
          "start": [
            112.01134,
            -180.33984
          ],
          "end": [
            112.20182,
            -180.33984
          ]
        },
        {
          "type": "line",
          "start": [
            114.3923,
            -179.0065
          ],
          "end": [
            114.3923,
            -181.0065
          ]
        },
        {
          "type": "line",
          "start": [
            114.3923,
            -179.10174
          ],
          "end": [
            114.58277,
            -179.0065
          ]
        },
        {
          "type": "line",
          "start": [
            114.58277,
            -179.0065
          ],
          "end": [
            114.96373,
            -179.0065
          ]
        },
        {
          "type": "line",
          "start": [
            114.96373,
            -179.0065
          ],
          "end": [
            115.1542,
            -179.10174
          ]
        },
        {
          "type": "line",
          "start": [
            115.1542,
            -179.10174
          ],
          "end": [
            115.24944,
            -179.19698
          ]
        },
        {
          "type": "line",
          "start": [
            115.24944,
            -179.19698
          ],
          "end": [
            115.34468,
            -179.38746
          ]
        },
        {
          "type": "line",
          "start": [
            115.34468,
            -179.38746
          ],
          "end": [
            115.34468,
            -179.95889
          ]
        },
        {
          "type": "line",
          "start": [
            115.34468,
            -179.95889
          ],
          "end": [
            115.24944,
            -180.14936
          ]
        },
        {
          "type": "line",
          "start": [
            115.24944,
            -180.14936
          ],
          "end": [
            115.1542,
            -180.2446
          ]
        },
        {
          "type": "line",
          "start": [
            115.1542,
            -180.2446
          ],
          "end": [
            114.96373,
            -180.33984
          ]
        },
        {
          "type": "line",
          "start": [
            114.96373,
            -180.33984
          ],
          "end": [
            114.58277,
            -180.33984
          ]
        },
        {
          "type": "line",
          "start": [
            114.58277,
            -180.33984
          ],
          "end": [
            114.3923,
            -180.2446
          ]
        },
        {
          "type": "line",
          "start": [
            116.48753,
            -180.33984
          ],
          "end": [
            116.29706,
            -180.2446
          ]
        },
        {
          "type": "line",
          "start": [
            116.29706,
            -180.2446
          ],
          "end": [
            116.20182,
            -180.05412
          ]
        },
        {
          "type": "line",
          "start": [
            116.20182,
            -180.05412
          ],
          "end": [
            116.20182,
            -178.33984
          ]
        },
        {
          "type": "line",
          "start": [
            118.10658,
            -180.33984
          ],
          "end": [
            118.10658,
            -179.29222
          ]
        },
        {
          "type": "line",
          "start": [
            118.10658,
            -179.29222
          ],
          "end": [
            118.01134,
            -179.10174
          ]
        },
        {
          "type": "line",
          "start": [
            118.01134,
            -179.10174
          ],
          "end": [
            117.82087,
            -179.0065
          ]
        },
        {
          "type": "line",
          "start": [
            117.82087,
            -179.0065
          ],
          "end": [
            117.43992,
            -179.0065
          ]
        },
        {
          "type": "line",
          "start": [
            117.43992,
            -179.0065
          ],
          "end": [
            117.24944,
            -179.10174
          ]
        },
        {
          "type": "line",
          "start": [
            118.10658,
            -180.2446
          ],
          "end": [
            117.91611,
            -180.33984
          ]
        },
        {
          "type": "line",
          "start": [
            117.91611,
            -180.33984
          ],
          "end": [
            117.43992,
            -180.33984
          ]
        },
        {
          "type": "line",
          "start": [
            117.43992,
            -180.33984
          ],
          "end": [
            117.24944,
            -180.2446
          ]
        },
        {
          "type": "line",
          "start": [
            117.24944,
            -180.2446
          ],
          "end": [
            117.1542,
            -180.05412
          ]
        },
        {
          "type": "line",
          "start": [
            117.1542,
            -180.05412
          ],
          "end": [
            117.1542,
            -179.86365
          ]
        },
        {
          "type": "line",
          "start": [
            117.1542,
            -179.86365
          ],
          "end": [
            117.24944,
            -179.67317
          ]
        },
        {
          "type": "line",
          "start": [
            117.24944,
            -179.67317
          ],
          "end": [
            117.43992,
            -179.57793
          ]
        },
        {
          "type": "line",
          "start": [
            117.43992,
            -179.57793
          ],
          "end": [
            117.91611,
            -179.57793
          ]
        },
        {
          "type": "line",
          "start": [
            117.91611,
            -179.57793
          ],
          "end": [
            118.10658,
            -179.4827
          ]
        },
        {
          "type": "line",
          "start": [
            118.77325,
            -179.0065
          ],
          "end": [
            119.53515,
            -179.0065
          ]
        },
        {
          "type": "line",
          "start": [
            119.05896,
            -178.33984
          ],
          "end": [
            119.05896,
            -180.05412
          ]
        },
        {
          "type": "line",
          "start": [
            119.05896,
            -180.05412
          ],
          "end": [
            119.1542,
            -180.2446
          ]
        },
        {
          "type": "line",
          "start": [
            119.1542,
            -180.2446
          ],
          "end": [
            119.34468,
            -180.33984
          ]
        },
        {
          "type": "line",
          "start": [
            119.34468,
            -180.33984
          ],
          "end": [
            119.53515,
            -180.33984
          ]
        },
        {
          "type": "line",
          "start": [
            120.96373,
            -180.2446
          ],
          "end": [
            120.77325,
            -180.33984
          ]
        },
        {
          "type": "line",
          "start": [
            120.77325,
            -180.33984
          ],
          "end": [
            120.3923,
            -180.33984
          ]
        },
        {
          "type": "line",
          "start": [
            120.3923,
            -180.33984
          ],
          "end": [
            120.20182,
            -180.2446
          ]
        },
        {
          "type": "line",
          "start": [
            120.20182,
            -180.2446
          ],
          "end": [
            120.10658,
            -180.05412
          ]
        },
        {
          "type": "line",
          "start": [
            120.10658,
            -180.05412
          ],
          "end": [
            120.10658,
            -179.29222
          ]
        },
        {
          "type": "line",
          "start": [
            120.10658,
            -179.29222
          ],
          "end": [
            120.20182,
            -179.10174
          ]
        },
        {
          "type": "line",
          "start": [
            120.20182,
            -179.10174
          ],
          "end": [
            120.3923,
            -179.0065
          ]
        },
        {
          "type": "line",
          "start": [
            120.3923,
            -179.0065
          ],
          "end": [
            120.77325,
            -179.0065
          ]
        },
        {
          "type": "line",
          "start": [
            120.77325,
            -179.0065
          ],
          "end": [
            120.96373,
            -179.10174
          ]
        },
        {
          "type": "line",
          "start": [
            120.96373,
            -179.10174
          ],
          "end": [
            121.05896,
            -179.29222
          ]
        },
        {
          "type": "line",
          "start": [
            121.05896,
            -179.29222
          ],
          "end": [
            121.05896,
            -179.4827
          ]
        },
        {
          "type": "line",
          "start": [
            121.05896,
            -179.4827
          ],
          "end": [
            120.10658,
            -179.67317
          ]
        },
        {
          "type": "line",
          "start": [
            122.77325,
            -180.33984
          ],
          "end": [
            122.77325,
            -178.33984
          ]
        },
        {
          "type": "line",
          "start": [
            122.77325,
            -180.2446
          ],
          "end": [
            122.58277,
            -180.33984
          ]
        },
        {
          "type": "line",
          "start": [
            122.58277,
            -180.33984
          ],
          "end": [
            122.20182,
            -180.33984
          ]
        },
        {
          "type": "line",
          "start": [
            122.20182,
            -180.33984
          ],
          "end": [
            122.01134,
            -180.2446
          ]
        },
        {
          "type": "line",
          "start": [
            122.01134,
            -180.2446
          ],
          "end": [
            121.91611,
            -180.14936
          ]
        },
        {
          "type": "line",
          "start": [
            121.91611,
            -180.14936
          ],
          "end": [
            121.82087,
            -179.95889
          ]
        },
        {
          "type": "line",
          "start": [
            121.82087,
            -179.95889
          ],
          "end": [
            121.82087,
            -179.38746
          ]
        },
        {
          "type": "line",
          "start": [
            121.82087,
            -179.38746
          ],
          "end": [
            121.91611,
            -179.19698
          ]
        },
        {
          "type": "line",
          "start": [
            121.91611,
            -179.19698
          ],
          "end": [
            122.01134,
            -179.10174
          ]
        },
        {
          "type": "line",
          "start": [
            122.01134,
            -179.10174
          ],
          "end": [
            122.20182,
            -179.0065
          ]
        },
        {
          "type": "line",
          "start": [
            122.20182,
            -179.0065
          ],
          "end": [
            122.58277,
            -179.0065
          ]
        },
        {
          "type": "line",
          "start": [
            122.58277,
            -179.0065
          ],
          "end": [
            122.77325,
            -179.10174
          ]
        },
        {
          "type": "line",
          "start": [
            123.53515,
            -181.10174
          ],
          "end": [
            123.63039,
            -181.0065
          ]
        },
        {
          "type": "line",
          "start": [
            123.63039,
            -181.0065
          ],
          "end": [
            123.82087,
            -180.72079
          ]
        },
        {
          "type": "line",
          "start": [
            123.82087,
            -180.72079
          ],
          "end": [
            123.91611,
            -180.53031
          ]
        },
        {
          "type": "line",
          "start": [
            123.91611,
            -180.53031
          ],
          "end": [
            124.01134,
            -180.2446
          ]
        },
        {
          "type": "line",
          "start": [
            124.01134,
            -180.2446
          ],
          "end": [
            124.10658,
            -179.76841
          ]
        },
        {
          "type": "line",
          "start": [
            124.10658,
            -179.76841
          ],
          "end": [
            124.10658,
            -179.38746
          ]
        },
        {
          "type": "line",
          "start": [
            124.10658,
            -179.38746
          ],
          "end": [
            124.01134,
            -178.91127
          ]
        },
        {
          "type": "line",
          "start": [
            124.01134,
            -178.91127
          ],
          "end": [
            123.91611,
            -178.62555
          ]
        },
        {
          "type": "line",
          "start": [
            123.91611,
            -178.62555
          ],
          "end": [
            123.82087,
            -178.43508
          ]
        },
        {
          "type": "line",
          "start": [
            123.82087,
            -178.43508
          ],
          "end": [
            123.63039,
            -178.14936
          ]
        },
        {
          "type": "line",
          "start": [
            123.63039,
            -178.14936
          ],
          "end": [
            123.53515,
            -178.05412
          ]
        }
      ]
    }
  ]
}